 (1.0000000000e+00+0.0000000000e+00j), (0.0000000000e+00+0.0000000000e+00j), (0.0000000000e+00+0.0000000000e+00j), (0.0000000000e+00+0.0000000000e+00j), (0.0000000000e+00+0.0000000000e+00j), (0.0000000000e+00+0.0000000000e+00j), (0.0000000000e+00+0.0000000000e+00j), (0.0000000000e+00+0.0000000000e+00j), (0.0000000000e+00+0.0000000000e+00j), (0.0000000000e+00+0.0000000000e+00j), (0.0000000000e+00+0.0000000000e+00j), (0.0000000000e+00+0.0000000000e+00j), (0.0000000000e+00+0.0000000000e+00j), (0.0000000000e+00+0.0000000000e+00j), (0.0000000000e+00+0.0000000000e+00j), (0.0000000000e+00+0.0000000000e+00j)
 (9.0600208706e-04+0.0000000000e+00j), (9.9909853161e-01+0.0000000000e+00j), (-1.9574137507e-04+0.0000000000e+00j), (-3.1679108116e-03+0.0000000000e+00j), (8.4667741826e-04+0.0000000000e+00j), (-8.2845416591e-04+0.0000000000e+00j), (-5.5263128028e-03+0.0000000000e+00j), (5.4943052808e-04+0.0000000000e+00j), (-2.8354363928e-03+0.0000000000e+00j), (2.8131060338e-03+0.0000000000e+00j), (-1.7018337164e-03+0.0000000000e+00j), (2.1322689400e-03+0.0000000000e+00j), (1.3096255680e-03+0.0000000000e+00j), (-1.3136767144e-03+0.0000000000e+00j), (-4.0156831139e-03+0.0000000000e+00j), (1.7103674974e-03+0.0000000000e+00j)
 (1.6509680153e-03+0.0000000000e+00j), (3.9933932347e-03+0.0000000000e+00j), (1.0018176095e+00+0.0000000000e+00j), (-2.5126975560e-03+0.0000000000e+00j), (-6.6911860485e-05+0.0000000000e+00j), (-3.3120433769e-03+0.0000000000e+00j), (-9.6351332144e-04+0.0000000000e+00j), (-2.6837666649e-03+0.0000000000e+00j), (-5.8762153448e-03+0.0000000000e+00j), (-5.6566146148e-03+0.0000000000e+00j), (7.2873192531e-04+0.0000000000e+00j), (4.1836049064e-03+0.0000000000e+00j), (-2.1564077364e-03+0.0000000000e+00j), (2.6750187848e-03+0.0000000000e+00j), (-1.3482607972e-03+0.0000000000e+00j), (8.0287063165e-05+0.0000000000e+00j)
 (-6.4358994246e-07+0.0000000000e+00j), (-6.1057999689e-03+0.0000000000e+00j), (1.6848286598e-03+0.0000000000e+00j), (9.9999335330e-01+0.0000000000e+00j), (-3.1568217654e-03+0.0000000000e+00j), (2.5348716221e-03+0.0000000000e+00j), (-2.0337352677e-03+0.0000000000e+00j), (-4.6494257148e-03+0.0000000000e+00j), (4.3812077457e-03+0.0000000000e+00j), (1.5275637686e-03+0.0000000000e+00j), (-5.3791431934e-04+0.0000000000e+00j), (-4.5653026447e-03+0.0000000000e+00j), (-2.6468429831e-05+0.0000000000e+00j), (4.7568380212e-03+0.0000000000e+00j), (2.7282730110e-03+0.0000000000e+00j), (-1.1447931614e-05+0.0000000000e+00j)
 (-2.9883856484e-03+0.0000000000e+00j), (3.5429973205e-03+0.0000000000e+00j), (3.1871398317e-03+0.0000000000e+00j), (-2.7643925502e-03+0.0000000000e+00j), (9.9649896374e-01+0.0000000000e+00j), (2.9610521586e-03+0.0000000000e+00j), (-3.7728750590e-03+0.0000000000e+00j), (2.1521473401e-03+0.0000000000e+00j), (-4.6940335716e-03+0.0000000000e+00j), (5.3201097137e-04+0.0000000000e+00j), (-1.4040621659e-04+0.0000000000e+00j), (1.5924702734e-03+0.0000000000e+00j), (-1.2201349534e-03+0.0000000000e+00j), (4.2627620107e-03+0.0000000000e+00j), (1.8893806643e-03+0.0000000000e+00j), (-3.9707551342e-04+0.0000000000e+00j)
 (-2.5174169213e-05+0.0000000000e+00j), (-6.9598344439e-04+0.0000000000e+00j), (-4.8406854481e-04+0.0000000000e+00j), (-8.6452351107e-04+0.0000000000e+00j), (1.7840622246e-03+0.0000000000e+00j), (9.9894027623e-01+0.0000000000e+00j), (-3.3042273289e-03+0.0000000000e+00j), (9.2756432013e-04+0.0000000000e+00j), (7.3754435693e-04+0.0000000000e+00j), (-5.9624964531e-04+0.0000000000e+00j), (1.9390098893e-04+0.0000000000e+00j), (-1.2607259235e-03+0.0000000000e+00j), (4.5260066820e-04+0.0000000000e+00j), (-9.7390900599e-04+0.0000000000e+00j), (1.0878622908e-03+0.0000000000e+00j), (1.2761859673e-04+0.0000000000e+00j)
 (1.3075193031e-03+0.0000000000e+00j), (-3.1812254814e-03+0.0000000000e+00j), (2.1168876747e-03+0.0000000000e+00j), (1.5336695032e-03+0.0000000000e+00j), (3.0734204702e-03+0.0000000000e+00j), (2.6769774258e-03+0.0000000000e+00j), (1.0000479957e+00+0.0000000000e+00j), (-1.2290047426e-03+0.0000000000e+00j), (7.7218381507e-03+0.0000000000e+00j), (-7.3210190506e-04+0.0000000000e+00j), (-7.2743696872e-04+0.0000000000e+00j), (-1.2571078211e-03+0.0000000000e+00j), (-1.3556826774e-03+0.0000000000e+00j), (-2.6598250089e-03+0.0000000000e+00j), (-3.7475575886e-03+0.0000000000e+00j), (8.7008388715e-05+0.0000000000e+00j)
 (-4.7943950078e-04+0.0000000000e+00j), (1.8679993384e-03+0.0000000000e+00j), (2.7431610367e-03+0.0000000000e+00j), (1.6166966559e-03+0.0000000000e+00j), (-2.2727317386e-03+0.0000000000e+00j), (-1.4732369180e-04+0.0000000000e+00j), (3.5053503611e-03+0.0000000000e+00j), (9.9704508911e-01+0.0000000000e+00j), (-4.9676638296e-03+0.0000000000e+00j), (-2.3634992392e-03+0.0000000000e+00j), (-8.9908175497e-04+0.0000000000e+00j), (-1.7749550847e-03+0.0000000000e+00j), (-1.0055538957e-03+0.0000000000e+00j), (3.1502852146e-03+0.0000000000e+00j), (-8.8034567389e-04+0.0000000000e+00j), (1.3955742347e-03+0.0000000000e+00j)
 (1.4332099659e-03+0.0000000000e+00j), (-1.2088153323e-03+0.0000000000e+00j), (-2.8252119730e-03+0.0000000000e+00j), (-8.3148484182e-05+0.0000000000e+00j), (-7.9818325721e-03+0.0000000000e+00j), (2.6448975071e-03+0.0000000000e+00j), (-1.0106567247e-03+0.0000000000e+00j), (5.5788144140e-03+0.0000000000e+00j), (9.9825187325e-01+0.0000000000e+00j), (1.5283512522e-03+0.0000000000e+00j), (4.0873490443e-05+0.0000000000e+00j), (-2.4579367665e-03+0.0000000000e+00j), (5.4156390878e-04+0.0000000000e+00j), (3.9843584208e-03+0.0000000000e+00j), (-8.6932910069e-04+0.0000000000e+00j), (2.1157374005e-03+0.0000000000e+00j)
 (-8.5493651650e-04+0.0000000000e+00j), (1.3268591983e-03+0.0000000000e+00j), (-1.3940001720e-03+0.0000000000e+00j), (3.4629993604e-04+0.0000000000e+00j), (-3.8344342220e-03+0.0000000000e+00j), (3.1225237573e-03+0.0000000000e+00j), (-5.7812322818e-04+0.0000000000e+00j), (-1.0953767387e-03+0.0000000000e+00j), (3.1622172863e-04+0.0000000000e+00j), (9.9924216213e-01+0.0000000000e+00j), (-8.0574407553e-04+0.0000000000e+00j), (-1.1108886849e-03+0.0000000000e+00j), (2.1993829485e-03+0.0000000000e+00j), (-2.3574029734e-03+0.0000000000e+00j), (-2.1452376883e-03+0.0000000000e+00j), (-1.4865975500e-03+0.0000000000e+00j)
 (6.8419982437e-04+0.0000000000e+00j), (1.1420583651e-03+0.0000000000e+00j), (3.0443572201e-03+0.0000000000e+00j), (6.8936409165e-04+0.0000000000e+00j), (-1.8132659787e-03+0.0000000000e+00j), (1.3324516711e-03+0.0000000000e+00j), (2.9489470224e-03+0.0000000000e+00j), (1.1993302491e-03+0.0000000000e+00j), (-5.7429562408e-03+0.0000000000e+00j), (2.6914769380e-03+0.0000000000e+00j), (1.0005784452e+00+0.0000000000e+00j), (3.4388497935e-03+0.0000000000e+00j), (-3.2053475380e-04+0.0000000000e+00j), (-1.6914616227e-03+0.0000000000e+00j), (-3.0413891577e-04+0.0000000000e+00j), (3.8163990234e-04+0.0000000000e+00j)
 (7.0935708649e-04+0.0000000000e+00j), (-5.7301595134e-04+0.0000000000e+00j), (-2.9051178814e-03+0.0000000000e+00j), (-4.7323657967e-04+0.0000000000e+00j), (-9.2523490758e-03+0.0000000000e+00j), (7.5739480296e-04+0.0000000000e+00j), (3.5947973741e-03+0.0000000000e+00j), (-1.3146616722e-03+0.0000000000e+00j), (1.0910354710e-04+0.0000000000e+00j), (-2.1772770487e-03+0.0000000000e+00j), (-3.8317192656e-03+0.0000000000e+00j), (9.9797138503e-01+0.0000000000e+00j), (8.2678874660e-04+0.0000000000e+00j), (-6.4243920304e-04+0.0000000000e+00j), (5.5408311970e-04+0.0000000000e+00j), (-2.3027417189e-03+0.0000000000e+00j)
 (-2.3560345988e-05+0.0000000000e+00j), (4.4247695526e-05+0.0000000000e+00j), (2.9390637450e-05+0.0000000000e+00j), (-1.2662375366e-05+0.0000000000e+00j), (8.3368203094e-03+0.0000000000e+00j), (-3.6281520586e-03+0.0000000000e+00j), (3.5204419448e-04+0.0000000000e+00j), (9.3995100311e-04+0.0000000000e+00j), (-7.8007392227e-04+0.0000000000e+00j), (4.5150911337e-03+0.0000000000e+00j), (1.0334231783e-03+0.0000000000e+00j), (3.7017290230e-03+0.0000000000e+00j), (9.9999770991e-01+0.0000000000e+00j), (2.7791568368e-05+0.0000000000e+00j), (-5.8257686817e-06+0.0000000000e+00j), (-1.1533023956e-05+0.0000000000e+00j)
 (-2.3257568144e-03+0.0000000000e+00j), (2.3430271420e-03+0.0000000000e+00j), (2.5686557692e-03+0.0000000000e+00j), (-4.5957077134e-04+0.0000000000e+00j), (-2.6778114639e-03+0.0000000000e+00j), (2.9944090804e-04+0.0000000000e+00j), (1.2413039437e-03+0.0000000000e+00j), (-2.1218441579e-03+0.0000000000e+00j), (-2.0421003502e-03+0.0000000000e+00j), (3.0382285749e-03+0.0000000000e+00j), (-2.1568413318e-03+0.0000000000e+00j), (4.3418345857e-03+0.0000000000e+00j), (-1.7507718107e-03+0.0000000000e+00j), (1.0017275372e+00+0.0000000000e+00j), (-1.8699876482e-03+0.0000000000e+00j), (-1.8991884804e-03+0.0000000000e+00j)
 (-1.6207639350e-03+0.0000000000e+00j), (1.7610800046e-03+0.0000000000e+00j), (2.7656623932e-03+0.0000000000e+00j), (5.7279273310e-04+0.0000000000e+00j), (-6.9443172492e-03+0.0000000000e+00j), (5.1514581420e-03+0.0000000000e+00j), (-2.2520378435e-03+0.0000000000e+00j), (1.8553436872e-03+0.0000000000e+00j), (-6.8218899727e-03+0.0000000000e+00j), (2.2189506292e-03+0.0000000000e+00j), (1.9603338446e-03+0.0000000000e+00j), (-5.1468145339e-03+0.0000000000e+00j), (-2.0626338693e-03+0.0000000000e+00j), (-1.0539727394e-03+0.0000000000e+00j), (1.0009466563e+00+0.0000000000e+00j), (2.3591930257e-03+0.0000000000e+00j)
 (7.0370456893e-06+0.0000000000e+00j), (-1.9155025377e-03+0.0000000000e+00j), (-7.5606436994e-04+0.0000000000e+00j), (2.2495306801e-05+0.0000000000e+00j), (-2.2206503887e-04+0.0000000000e+00j), (1.5647040463e-03+0.0000000000e+00j), (-8.8246031668e-04+0.0000000000e+00j), (9.0999650641e-03+0.0000000000e+00j), (6.7259829014e-05+0.0000000000e+00j), (-1.0382972129e-03+0.0000000000e+00j), (-1.6439656681e-03+0.0000000000e+00j), (2.8460862444e-03+0.0000000000e+00j), (-3.8428515300e-06+0.0000000000e+00j), (-5.7956413950e-04+0.0000000000e+00j), (1.0481148780e-03+0.0000000000e+00j), (1.0000045322e+00+0.0000000000e+00j)
